{
  "mode": "conditional",
  "seed": 12345,
  "num_loci": 100000,
  "configuration": "1010",
  "duration": 1.0,
  "m01": 0.05,
  "m10": 0.05,
  "lambda0": 1.0,
  "lambda1": 1.0,
  "topologies": [
    "12|34",
    "13|24",
    "14|23"
  ],
  "counts": [
    6392,
    87341,
    6267
  ],
  "empirical_probabilities": [
    0.06392,
    0.87341,
    0.06267
  ],
  "exact_probabilities": [
    0.06387974495828298,
    0.8722405100834337,
    0.06387974495828297
  ],
  "absolute_error": [
    4.0255041717021656e-05,
    0.0011694899165662909,
    0.0012097449582829656
  ]
}